{
    "materials": [{
        "opacity": 1,
        "transparent": false,
        "blending": "NormalBlending",
        "DbgColor": 15658734,
        "mapDiffuseAnisotropy": 1,
        "depthTest": true,
        "mapDiffuse": "gba-blended.png",
        "visible": true,
        "depthWrite": true,
        "colorSpecular": [1,1,1],
        "shading": "phong",
        "wireframe": false,
        "colorDiffuse": [0.8,0.8,0.8],
        "colorAmbient": [0.8,0.8,0.8],
        "mapDiffuseWrap": ["RepeatWrapping","RepeatWrapping"],
        "mapDiffuseRepeat": [1,1],
        "DbgIndex": 0,
        "DbgName": "Material",
        "specularCoef": 50,
        "colorEmissive": [0,0,0]
    }],
    "name": "CubeGeometry",
    "uvs": [[0,1,0,0.666667,0.333333,0.666667,0.333333,1,1,0.333333,1,0.666667,0.666667,0.666667,0.666667,0.333333,1,0.333333,0.666667,0.333333,0.666667,0,1,0,0.333333,0.333333,0.333333,0,0.666667,0,0.666667,0.333333,0.333333,0.666667,0,0.666667,0,0.333333,0.333333,0.333333,0,0,0.333333,0,0.333333,0.333333,0,0.333333]],
    "metadata": {
        "version": 3,
        "materials": 1,
        "vertices": 8,
        "type": "Geometry",
        "generator": "io_three",
        "uvs": 1,
        "normals": 8,
        "faces": 6
    },
    "faces": [43,0,1,2,3,0,0,1,2,3,0,1,2,3,43,4,7,6,5,0,4,5,6,7,4,5,6,7,43,0,4,5,1,0,8,9,10,11,0,4,7,1,43,1,5,6,2,0,12,13,14,15,1,7,6,2,43,2,6,7,3,0,16,17,18,19,2,6,5,3,43,4,0,3,7,0,20,21,22,23,4,0,3,5],
    "vertices": [1,-1,-1,1,-1,1,-1,-1,1,-1,-1,-1,1,1,-1,0.999999,1,1,-1,1,1,-1,1,-1],
    "normals": [0.577349,-0.577349,-0.577349,0.577349,-0.577349,0.577349,-0.577349,-0.577349,0.577349,-0.577349,-0.577349,-0.577349,0.577349,0.577349,-0.577349,-0.577349,0.577349,-0.577349,-0.577349,0.577349,0.577349,0.577349,0.577349,0.577349]
}