{
    "vertices": [-0.53318,-0.89075,-0.013774,-0.975366,1.01227,-0.002937,-0.537306,-0.900464,-1.00934,-0.964386,1.02495,-1.00814,0.538418,-0.903333,-0.001152,1.00461,0.98916,-0.007574,0.544434,-0.890434,-0.999825,1.00294,0.987221,-0.991639,2.00958,-0.641286,-0.030748,1.22384,-0.874852,-0.015425,2.00688,0.734733,-0.007186,1.99564,-0.618133,-0.999315,1.23934,-0.883343,-0.994918,2.01522,0.743753,-1.01027,-1.99957,-0.654809,0.000992,-1.999,0.72098,0.006106,-1.21029,-0.892863,0.008576,-1.98978,-0.653706,-1.00918,-1.19374,-0.883283,-1.0207,-1.99386,0.7336,-0.994883],
    "normals": [-0.642598,0.480148,0.597064,-0.093142,0.728111,0.679067,-0.09479,0.732566,-0.674032,-0.641377,0.49147,-0.589099,-0.63921,-0.484451,-0.597217,-0.004364,-0.710807,-0.70333,-0.107456,-0.719748,-0.685842,0.125889,-0.729026,-0.672781,0.008759,-0.705771,-0.708365,0.63628,0.494919,-0.591723,0.648244,-0.465835,-0.602252,0.094516,0.729362,-0.677541,-0.644704,-0.485672,0.590289,0.097781,0.723563,0.683279,0.653523,-0.481552,0.583911,0.635243,0.493942,0.593677,0.012604,-0.7116,0.702445,0.125065,-0.724265,0.67806,-0.106967,-0.7275,0.677664,-0.000549,-0.718284,0.69573],
    "faces": [33,15,1,3,19,0,1,2,3,32,3,17,19,2,4,3,32,2,18,17,5,6,4,32,12,6,2,7,8,5,32,13,11,12,9,10,7,32,3,7,13,2,11,9,32,3,2,17,2,5,4,32,13,12,2,9,7,5,32,3,13,2,2,9,5,33,14,15,19,17,12,0,3,4,32,5,8,10,13,14,15,32,4,9,8,16,17,14,32,14,16,0,12,18,19,32,0,4,8,19,16,14,32,5,1,8,13,1,14,32,1,15,14,1,0,12,32,14,0,8,12,19,14,32,1,14,8,1,12,14,33,0,2,6,4,19,5,8,16,33,5,7,3,1,13,11,2,1,33,13,7,5,10,9,11,13,15,33,13,10,8,11,9,15,14,10,33,0,16,18,2,19,18,6,5,33,18,16,14,17,6,18,12,4,33,6,12,9,4,8,7,17,16,33,12,11,8,9,7,10,14,17],
    "metadata": {
        "vertices": 20,
        "normals": 20,
        "type": "Geometry",
        "generator": "io_three",
        "version": 3,
        "faces": 26,
        "uvs": 0
    },
    "uvs": [],
    "name": "Cube.001Geometry"
}